[
  {
    "id": "5a4f1bc7-009a-4cc6-8bc8-14df97713445",
    "data": [
      {
        "text": "Book a flight for ",
        "userDefined": false
      },
      {
        "text": "Delhi",
        "alias": "geo-city",
        "meta": "@sys.geo-city",
        "userDefined": true
      }
    ],
    "isTemplate": false,
    "count": 0,
    "updated": 0
  },
  {
    "id": "426a06ba-42f8-444d-bac4-70cdbff2da62",
    "data": [
      {
        "text": "Book a flight ",
        "userDefined": false
      },
      {
        "text": "Delhi",
        "alias": "geo-city",
        "meta": "@sys.geo-city",
        "userDefined": true
      },
      {
        "text": " to  ",
        "userDefined": false
      },
      {
        "text": "Bangalore",
        "alias": "geo-city1",
        "meta": "@sys.geo-city",
        "userDefined": true
      },
      {
        "text": " for ",
        "userDefined": false
      },
      {
        "text": "tomorrow",
        "meta": "@sys.ignore",
        "userDefined": true
      }
    ],
    "isTemplate": false,
    "count": 0,
    "updated": 0
  },
  {
    "id": "3b9e80ec-6cd7-4e11-8f94-74af4a8f9a92",
    "data": [
      {
        "text": "Flight from ",
        "userDefined": false
      },
      {
        "text": "Delhi",
        "alias": "geo-city",
        "meta": "@sys.geo-city",
        "userDefined": false
      },
      {
        "text": " to ",
        "userDefined": false
      },
      {
        "text": "Chennai",
        "alias": "geo-city1",
        "meta": "@sys.geo-city",
        "userDefined": false
      },
      {
        "text": " on ",
        "userDefined": false
      },
      {
        "text": "18th April,2020",
        "meta": "@sys.ignore",
        "userDefined": true
      }
    ],
    "isTemplate": false,
    "count": 0,
    "updated": 0
  },
  {
    "id": "338be846-5fae-48b7-906b-453cde36348e",
    "data": [
      {
        "text": "Book a flight from ",
        "userDefined": false
      },
      {
        "text": "Delhi",
        "alias": "geo-city",
        "meta": "@sys.geo-city",
        "userDefined": false
      },
      {
        "text": " to ",
        "userDefined": false
      },
      {
        "text": "Banglore",
        "alias": "geo-city1",
        "meta": "@sys.geo-city",
        "userDefined": false
      }
    ],
    "isTemplate": false,
    "count": 0,
    "updated": 0
  },
  {
    "id": "eb07178f-fe23-4dcb-84e9-fbfc5061ee34",
    "data": [
      {
        "text": "Book a flight for ",
        "userDefined": false
      },
      {
        "text": "tomorrow",
        "meta": "@sys.ignore",
        "userDefined": true
      }
    ],
    "isTemplate": false,
    "count": 0,
    "updated": 0
  },
  {
    "id": "49746cac-b54a-44f6-b2c9-a2c405d46ba3",
    "data": [
      {
        "text": "Flight booking",
        "userDefined": false
      }
    ],
    "isTemplate": false,
    "count": 0,
    "updated": 0
  },
  {
    "id": "b5cb30bc-8432-4f4b-b3ff-73ebf614cf15",
    "data": [
      {
        "text": "Book a flight",
        "userDefined": false
      }
    ],
    "isTemplate": false,
    "count": 0,
    "updated": 0
  },
  {
    "id": "40e218df-2b0f-4789-8c33-255c3eda3235",
    "data": [
      {
        "text": "I want to book a flight.",
        "userDefined": false
      }
    ],
    "isTemplate": false,
    "count": 0,
    "updated": 0
  }
]